aspect,sentence
"room, cleanliness",the room was very comfortable and we felt like we were home.
location,the pool was great and the nice touch of wine tasting from 5 to 7 was a nice bonus.
location,it's within walking distance to old town so the location is fantastic.
service,this hotel was a good deal so i decided to give it a try.
location,the hotel is in old town so the decor is designed to blend into the neighborhood which was kind of charming.
"value, location","overall this was a great value, i would stay here again."
value,"i would not, however pay full price due to the following factors: 1. the bathtub caulking was starting to mold - this is a carnal sin in the hospitality industry."
service,not good.
"room, cleanliness",otherwise the bathtub was clean so i wish that they had gotten that detail.
cleanliness,2. the mattress was not as comfortable as it should be for a marriott hotel.
business service,3. the free coffee in the lobby was cold and only decaf was available.
location,great staff and location.
business service,free airport pick up and cruise transportation to port of san diego.
location,within walking distance to old town and trolley station.
location,"we wanted to stay close to downtown san diego so after our celebratory night out and dinner show, we stayed at the old town courtyard."
value,"saturday night, so parking in the building for the fee was worth it."
room,we were upgraded to a suite which was a slightly strange one (window out to enclosed patio - could not see out or get out that way) and two pictures had been taken off the wall leaving holes.
"room, cleanliness","but it was still a courtyard, very clean and comfortable (especially the bed)."
room,"our room was on the north end of the building, fourth floor, so very quiet; a few jets from airport in the morning."
"service, cleanliness, location",we walked two blocks into town for breakfast... all in all a comfortable stay....
location,the location is great for walking to things in old town and for easily getting onto the interstate to drive elsewhere.
cleanliness,the lobby was very comfortable and rooms were fine.
checkin,the staff were very accommodating and helpful.
value,we ate pizza out one night and had lots of leftovers which we kept in our in-room frig.
service,next day lunch the staff said we could eat in the closed breakfast restaurant and we heated the pizza in the lobby microwave.
location,we settled for the courtyard in the old town and what a lucky choice.
location,firstly the old town with a vibrant night life is three minutes walk.
cleanliness,the rooms were up to the standard you would expect from this chain but a lot cheaper than downtown.
checkin,staff very friendly and helpful.
cleanliness,"it is in the middle of major building work, it is dirty, dusty, much of the main area is under construction as is much of the accommodation area, and the lift is being used by the contractors so it's dirty."
cleanliness,the parts of the hotel that aren't under construction are tired.
service,courtyard is not a brand i use regularly but ive always had good experiences.
checkin,"the staff were courteous, they must be having a terrible time."
"service, checkin","i made a reservation for this hotel in july 2011. i had stayed at the hotel several times in the past few years and while it had not been updated to the new marriott courtyard standards, the property was ""ok"" and the service always excellent."
checkin,i happened to check on the hotel website a week or so prior to our new year's weekend arrival and discovered that the hotel was undergoing a major renovation.
location,"great for the hotel, bad for me."
room,arrived at our suite (had been upgraded due to marriott rewards status.
"room, cleanliness",the room had a strong mold/mildew smell.
room,my wife opened the drapes to see outside and discovered the room darkening shade was covered with mold.
"room, service",this room should not have been in service.
cleanliness,they obviously don't actually inspect the rooms for potential health issues.
room,back to the front desk where we were moved to a standard room (was fine with that) that was newly renovated.
room,nice room but.. the new toilet leaked at the base and there were two lights in the bathroom that did not work.
value,not fixed during the two night stay.
"business service, value",the stay was on a free night award (not points related).
"business service, checkin, value","i was not going to complain about the situation but when the hotel pulled 20,000 from my wife's account in addition to using the free night certificate that was already attached to the reservation."
service,"since i had to talk with marriott to get the points refunded, i made them aware of the lack of notice about the construction and the service failures."
cleanliness,in the resulting dialog with the property it became clear that they just don't care about guest satisfaction.
location,we chose this marriott because of its convenience from the san diego airport and easy access to interstate 5. old town san diego contains a large number of restaurants (almost all with very similar mexican menus) and shops within a few blocks of the hotel.
cleanliness,this courtyard is an aging property and the rooms are adequate but certainly not luxurious.
location,"at the time of our visit, the hotel restaurant was in the process of renovation."
checkin,the staff are courteous and helpful.
business service,"parking on the property is $14/day, but there is plenty of free parking on nearby streets."
service,hotel is close to airport and that was good.
"room, cleanliness","the corridors were not clean, dim and were smelly."
room,room was just about okay.
"business service, value",we were using a free night and this was the closest hotel to where we were going that we could use.
checkin,"on the plus side, the front desk clerks (all shifts) were very nice and helpful."
room,the room was clean and quiet.
location,the location was perfect for old town.
business service,during the week they have a free wine and cheese happy hour.
room,"on the negative side, the room was very small and in need of an update."
room,the only chair was the desk chair and there was hardly any room between the bed and the desk for it.
cleanliness,other courtyards we have been in have been modern and spacious with a comfortable chair in addition to the desk chair.
room,the bed was hard.
room,arrived late and was given a room facing i-5.
"checkin, location",the front desk staff was great.
checkin,very nice and helpful employees.
cleanliness,it has been recently remodeled and you can still smell the new carpets.
room,room was spotless.
cleanliness,"you can hear other rooms alarm clocks, toilets etc."
location,the location is awesome we just walked everywhere including the train station.
location,old town is a fun place that feels miles away from the city but yet so close with transit.
cleanliness,didn't have a car so can't coment on parking.
checkin,everyone is so friendly and willing to help.
service,"thank you, its nice to get some good customer service."
business service,i stayed here for 10 nights on a business trip to san diego.
location,"although i was working down in the navy base area, the hotel is very easy to get to and traffic was never a problem."
room,the room was nice and clean.
room,my room even had a small porch with a table and two chairs.
room,although there was no view to speak of it was nice to sit outside and enjoy the fresh air while catching up on email.
"room, service",i also order room service a few times which came quickly.
service,food was just ok but not bad.
checkin,the hotel staff is very very friendly.
checkin,they were more than willing to answer any questions about the area or to help with special requests.
checkin,the young ladies that hosted the receptions were very friendly and made you feel welcome and at home.
location,the biggest plus about this hotel is the location.
location,by being within walking distance of old town san diego it provides access to many restaurants and stores.
"service, location","after a long day the last thing i want to do is to try to drive and find a place to eat, so being able to walk a few blocks to have so many options was great."
value,"parking is $14 a night, which is a deal when compared to the gas light area which runs around $21 a night."
room,the room was very typical but clean and well equiped.
location,"the bar and restaurant are small but ok. the hotel is well placed for exploring san diego old town and there is a good selection of restaurants to choose from, many being mexican type food but plenty of other choice including steaks and italian pizza."
service,"if you want to go downtown, there is a good trolley / tram service that goes from the station a short walk from the hotel."
"service, value","we did not use it but were told by others that is was good, reliable and value for money."
cleanliness,"we did not have to worry as we were coach bound, but it appeared to have few spaces for guest cars compared to the number of rooms."
"room, value",our first night was terrible due to noise from the next room.
room,next day we were told that the occupants of the room had been turned out!
location,"i would recommend this hotel for only short breaks, one or two nights as the old town area can easily be explored in that tiome and after that you would need to travel downtown for further exploring."
service,"we were there visiting a niece in the navy but the area offers a lot of good food, entertainment and sight seeing."
location,old town san diego is with in walking distant.
location,close enough to old town to walk to it.
room,room was nice.
service,food was good.
service,what a neat and convenient service.
location,great for pre- or post-cruise stays.
location,this is a nice hotel with the charm of old town san diego.
checkin,"the staff is very friendly and very helpful, especially when suggesting destinations."
"cleanliness, checkin",i don't think you could go wrong following staff recommendations.
location,"if anything, they should go in the opposite direction and bring in more furniture and decor from old mexico."
cleanliness,corporate marriott seems to be trying to destroy the comfortable home away from home that was courtyard.
"cleanliness, location","the rooms and surrounding areas were clean, the pool was nice, and the location is great."
service,"the evening social hours (wine and cheese or ice cream) are well thought out, with a good variety of cheeses, crackers and wine."
checkin,the help are attentive and polite.
"room, cleanliness","the only negative is that i had to keep getting my electronic room key replaced, which doesn't happen nearly this often at other hotels."
location,the hotel is pretty dated and even smells old.
location,"we loved the location, though--walking distance to old town which was fabulous!"
service,"my kids had fun in the hotel's pool (it's small, but kids don't care) and the breakfast buffet was pretty good."
cleanliness,we really like to stay in courtyard marriotts and this one didn't measure up well to the brand.
location,my husband and i stayed here with our 5 year old for one night while touring old town.
location,great location.
location,the hotel itself is old but very nice.
cleanliness,"the rooms are a bit dingy, but the beds were very comfortable."
cleanliness,we didn't hear any noise from the freeway.
service,the customer service was awesome!
checkin,we got in around 1030am and they were able to check us in right away.
checkin,very nice staff here.
checkin,"the airport shuttle had to be called, but they showed up within 20mins and were very helpful."
cleanliness,it was a little dirty and had some bird feathers.
location,other than that our stay was great!
location,i would stay here again if visiting old town.
location,old town is only a couple of blocks away and the san diego trolley station is nearby too.
"room, cleanliness, checkin, location","very convenient location, family friendly and clean."
"room, cleanliness",we had a room with two comfortable double beds and minifridge.
checkin,"front desk staff very friendly and helpful, they matched a lower rate that had been given to the family we were traveling with."
"room, checkin",they had only one room reservation.
room,they then said they were sold out but couldn't refund the one room then magically found a room way down the hall it was a handicap room so we had only a shower.
cleanliness,the rooms small as a closet.
cleanliness,they brought up a roll away and i had to send it back because it couldn't fit.
location,the location not so great.
"service, cleanliness",the hotel is a little dated and lighting in the halls are dim; but otherwise the rooms are good.
"room, cleanliness",i found the linens clean but worn.
business service,they have a nice lobby with free coffee and 3 computers for you to use.
"room, cleanliness","clean, convenient, very nice people."
location,walking distance to all of the old town shops & restaurants.
location,"location: this hotel is located two blocks away from old town san diego, which is full of small shops, great restaurant (most are mexican) and not that far from downtown san diego."
location,"my wife and i walked to old town to have dinner and walk around the streets, which was very plesent."
cleanliness,"i did not notice it, aside from the popcorn cealing in the rooms."
cleanliness,"big nice rooms, included a flat pannel tv and a small fridge."
location,"the sink is outside of the bathroom, which i though was great."
"room, cleanliness",showers are clean with adjustable shower heads.
checkin,staff was very professional and accomodating.
checkin,we arived three hours before check in.
room,"when we called ahead, and when we got in michael and lee got a clean room with no extra charge."
business service,"free wine and cheese in the afternoon (between 4:00 and 6:00) was a nice touch, and free ice cream on friday was nice too."
room,"the bad: the hotel is located near the freeway, and if you are light sleeper ask for a room not facing the freeway."
checkin,"the highlight of the hotel, is definetly the staff."
"checkin, location","we stayed here on a short family break, and although the hotel is aging a little, overall it was in a great location, with good facilities and very helpful staff."
"business service, location",free ice cream on check-in will always be a winner with a 2 year old (and his dad) - a very nice touch.
cleanliness,elevators serve underground parking from lobby and rooms so is very convenient.
location,easily a 5-10 minute walk to everything in old town.
"service, value",the cookies at checkin were super good our first night but could not find any our other nights.
"room, cleanliness","listen to the other reviewers, if you can't handle noise ask for a room in the front of the hotel."
"room, cleanliness","""courtyard by marriott"" immediately conjures up an image of clean, consistent, and efficient lodging."
"room, cleanliness",so when i checked into this courtyard only to find out that my room wasn't ready at 10 pm.
room,i was then offered another room.
cleanliness,after my hike there it hadn't been fully cleaned.
room,i went back to the front counter and was told all we have is the handicapped room that is really noisy next to the freeway.
"room, cleanliness",it was also only marginally clean.
cleanliness,and in the morning when showering the shower drain didn't even remotely drain.
room,since it was the ada room that means the whole toilet room was flooded.
value,all this for $200 a night!
business service,"free internet in the lobby and quiet considering its size and position near the highway on one side, but in a perfect position to go to the old town, what a wonderful place."
"service, business service","they also offer a free shuttle to the zoo and seaworld with discounted tickets, any discount is good in my book."
business service,i had a business trip combined with a family vacation and we stayed here for 3 nights.
service,"wonderful mexican food, shopping, and of course the perfect weather."
room,the maid who did our room would fold my wife's grand kid's blankets (their personal blankets) each day.
"checkin, location",most of the front desk staff were great except for one guy that seemed to have a lazy streak in him a mile wide.
cleanliness,"when i called back, he said it was over a week and he couldn't."
"cleanliness, checkin",he found a way to say no.....and wouldn't lift his finger to help.
location,"this hotel, located just steps from old town, is showing its age."
cleanliness,"the rooms are standard old-school courtyard, but ours had an lcd and a nice, comfortable bed."
business service,"the free wine and cheese reception was fantastic, but good wine free flowing for an hour and the friendly manager coming around to top off everyone's drinks before the hour was up."
location,"despite others' enthusiasm over old town itself, we walked through it in about 20 minutes."
business service,"there are tons of mexican restaurants and stores selling overpriced junk with a southwest motif, but other than a few interesting museums (free) this was just not much of a destination."
service,"however, this hotel does offer rare airport shuttle service, and just four blocks away you can catch the light rail into downtown (we took it to and ate at seaport village), and it's also the starting point for the trolley tours, which go all over sd."
room,"i had called them in the morning to ask them to block a room away from the freeway, after reading other posts about the noise."
location,"certainly, while on the street walking to old town, the freeway noise is pervasive, so i appreciate those who posted that."
checkin,check in was prompt and the staff were helpful and friendly the entire stay.
room,my room was clean and in good order.
room,"the bed had a variety of pillow firmnesses, and was covered in clean sheets with only one of those little footscarfs at the bottom of the bed."
cleanliness,"this is a marriott standard, so don't know where the dirty bedspread comment could have come from."
service,there was a large easy chair and it was in good repair.
room,"there were 3 lamps, enuf to light the room."
service,"there was a pull out work table, lots of countertop in good repair, and an oversized luggage rack."
room,"the room does have the sink outside the bathroom, and this was clean and functional, but to my mind old fashioned, but i know a lot of people prefer that."
"room, cleanliness",the bathroom was clean and large.
service,"good shower head, adjustable."
room,"i did not need to adjust the room temperature, so i did not use the wall unit."
cleanliness,"these are not my favorite, and others had said they weren't fresh."
cleanliness,"as i had forgotten to pack most of my allergy medication, i didn't want to go there."
room,i had no allergy problems in the room.
"room, cleanliness",i do think the hallway and room have that hotel cleaning fluid smell that you find a lot of place.
service,"the wallpaper, paint, furniture finishes etc were in good order except where the metal folding closet doors can gore the back of the bathroom door."
"room, cleanliness","i always consider hotel room rugs to be dirty, and as it so happend, had needed to wash the slipper i take when traveling."
cleanliness,"as their soles did not get black there, i consider this rug to be less dirty than most."
"room, cleanliness","staying only 1 night, with plenty of everything, i didn't have the maid come in at all, but as my room was clean, i suspect it's good."
service,"the breakfast was not overly pricey for a hotel breakfast, and as i was here on business, i didn't have time to hunt around for an alternative."
service,"buffet selection was large: eggs, potatoes, bacon, sausage, biscuits and gravy, oatmeal, all the standard breads, yoghurts, fruits, juices."
"service, location","the restaurant is dark and not attractively decorated but it was not the end of the world, especially for a quick breakfast."
"service, location",the location was good.
location,"it was literally a 2 block walk to the night life, dozens of restaurants and shops of old town, plus historic sights."
value,"(they nornally shuttle to the airport and train station every hour on the hour) a friend came back with me for a drink one night, and we sat by the fireplace and chatted til she had to leave for dinner with her family."
cleanliness,i was comfortable.
location,stayed here with a cousin who was visiting from out of town and wanted to spend a couple of days in sd.
"room, cleanliness",room was small and tv wasn't easy to operate.
location,was walking distance to old town which was good.
cleanliness,"the carpet in the room was stained and dirty so that was gross and i feel if a marriott property can't even clean a dirty carpet they should get a poor rating, so that is why i rated it as poor."
cleanliness,paying only $110 a night still doesn't excuse a hotel from being dirty.
"service, cleanliness, location",parking lot next to property was good too since parking isn't so great!
cleanliness,"can't comment on the breakfast, didn't try it."
location,"i stayed here for three nights, and although the location is within walking distant of old town and some great mexican restaurants, until it is updated i would not choose to stay here again."
cleanliness,the rooms have a mildew smell and the hallway carpeting had two big stains on the floor that we were on.
cleanliness,it just wasn't up to courtyard standards.
checkin,"the people at the front desk and the housekeeping staff could not have been friendlier, they were exceptional."
location,"we loved the courtyard by marriott san diego airport/liberty station, new, clean and updated, and i would recommend that one or i would stay at the best western in old town."
location,old town historical disctrict is only a short walk away.
checkin,"the staff - specifically bailee, made our stay effortless."
service,the good : -close to san diego airport.
business service,"-easy to find the bad: -parking is tight, and there's a charge, although free parking is available on the street."
cleanliness,(i was not comfortable leaving my car on the street.)
cleanliness,#NAME?
room,i was given a room on the freeway - which i asked to change.
cleanliness,there were other rooms available when i checked in.
"cleanliness, checkin, location",i'm actually surprised that the check in person didn't think that perhaps a gold member should get a better location.
"room, cleanliness","-the hotel smells - the hallways, and the room i'm in, but i'm not changing rooms again."
location,the location is outstanding.
"cleanliness, location",the lobby and restaurant have been re-done and the rooms are due.
room,"since we had multiple appointments and mixed in sightseeing, i knew we would not be in the room all day."
location,the location is nice but this hotel really needs a makeover.
"room, location",i turned on the ac in the room and it smelled like mildew......bedding and carpet are old.
room,i got a room facing the freeway and it sounded like semis were driving thru!
room,"overall, we were very happy with our room."
cleanliness,it was very quiet and comfortable.
room,"we stayed in room 440 (top floor, end of hall)."
service,"we booked a package through marriott that was to include breakfast, movie tickets, and courtyard bucks."
service,when we checked out they realized we were never given our breakfast vouchers.
checkin,we arrived in san diego on friday 1/21 and the hotel shuttle picked us up at the airport and let me check in at 9-am which was nice.
checkin,i had called in advance and asked if they would accommodate the early check in and they said yes no problem.
checkin,we arrived to find the outside of the hotel presentable and the front desk staff was very kind and helpful.
"room, location",however the room is old and the bedding is not what a courtyard by marriot should be.
"cleanliness, location",the air conditioner is the old fashioned model in the wall and didn't work very well.
location,the location is nice because you can walk to several restaurants within minutes.
service,we decided to eat their breakfast buffet which was pretty good for the money but the coffee was luke warm.
cleanliness,"marriot if your reading this review ""please do your selves a favor and remodel your hotel rooms""."
"service, business service, location",the location of this property is pretty good if you are on business or pleasure.
location,nice little restaurant and the area (old town) around the hotel has a lot to offer for dining.
"service, checkin, location",pros: location staff friendliness good beds cons: small bathroom vanities (a non-stater if my spouse had been with me..see attached picture) mold in bathroom (see attached picture) this is a marriott.
cleanliness,"for pete's sake, there shouldn't be mold!"
checkin,"the front desk, the general manager, and the housekeeping staff treated us like family for the week we were there."
room,we asked for a larger room so both of us could do some work and were accomodated without hesitation.
checkin,the housekeeping staff found an extra table.
location,it is two blocks to central old town.
"business service, location",the restaurant and bar with the free evening happy hour was excellent.
checkin,the staff are very accomodating about requesting a room away from the traffic when you make your reservation.
service,i stayed here for a weekend with my husband and was impressed with the level of service at this courtyard.
checkin,every staff member i encountered during my stay acknowledged me with a smile and a greeting.
cleanliness,rooms were extremely clean and spotless.
location,"a welcome gift from the hotel (i'm a marriott platinum), walking maps of old town, printed directions to san diego attractions, and a welcome note from the hotel's general manager."
service,this courtyard understands customer service and has obviously worked to make it a priority.
cleanliness,we knew marriott will be a dependable place and turned out to be very comfortable.
checkin,our house keeper was exceptionally helpful eachday to provide us with her extra care and service with a very friendly smile and nice gesture.
room,"i enjoyed the fitness room, swimming pool and palati class."
"service, location",food in the hotel was great.
checkin,the staff was very nice and it was close to downtown san diego and sea world.
room,i did ask for a quiet room and the room was quiet in regards to the other hotel guests.
service,but you will not get a good nights sleep without ear plugs.
location,"not great, but from what i could see, if you park on the street, you are walking several blocks."
value,stayed here for one night only thankfully.
location,"it ha to be said it is in a great location, in walking distance from old town and a short drive to seaworld."
cleanliness,but this doesn't give marriott a licence to leave this hotel in such a state.
"business service, location","firstly the entrance and lobby are nice, with complimentary internet for guests which is great."
room,"we then walked through the aged shabby corridor to our unbelievably low ceilinged room (i am 5""6 and could touch the ceiling with my arm outstretched)."
room,then we spotted the earplugs (one set in a twin room - can anybody say stupid?)
room,"if you do stay here make sure to request a room that does not overlook this road, as it seems they will splash out on lcd tv's but not on soundproof glass."
"room, cleanliness","an effort has been made to modernise the rooms with the flashy tvs etc, but it is not enough, our room could have done with a complete overhaul rather than a tv."
"room, cleanliness","the hotel is very clean, just dated."
value,due to lack of sleep i would have gone crazy if the stay was longer than one night.
room,plus the fact they could not offer us a smoking room or a change in room.
"cleanliness, location","as other reviewers have said, the property isn't great."
"cleanliness, location","the building seems a little old and tired, and didn't seem the cleanest."
value,"however, for the price, the place met my expectations."
location,it is a great location with easy highway access and walkable to old town.
checkin,the staff was excellent.
business service,there was a free wine and cheese reception when we arrived.
checkin,there is an efficient courtesy shuttle system with friendly and prompt drivers.
service,breakfast was pretty good.
room,it was difficult to regulate the temperature in the room.
room,we did not face the freeway and had a quiet and pleasant room.
cleanliness,"generally they are newer, modern, clean and comfortable with large rooms."
room,"this hotel was clearly not purpose-built as a courtyard, and has only received some of the typical courtyard updates (bedding, furniture, room carpet - yes)."
cleanliness,the corridors of the hotel smell and look dated.
cleanliness,the rooms are quite small.
"cleanliness, location",the windows are old and don't block out the loud street noise from the freeway.
"service, value",not a good night's sleep.
service,breakfast buffet (not included) was very good quality with a courteous staff.
location,the location is good for visiting old town - walkable.
"room, cleanliness","1) the place is old inside, 2) the room smells, 3) the room i got is face the high way, 4) the worst part is that window doesn't block any sound, so i couldn't get a good sleep because of hearing the noise from highway all night long."
"business service, value","this place is worst than quality inn or similar places, more like a motel 6. i am not an usual complainer, and my trip is for business, not vacation (thanks god!"
"room, business service, cleanliness","whether you are on business or leisure, stay somewhere else unless you can sleep in the smell and noise room."
"room, cleanliness, location","there was a disgusting smell wafting into the room from the bathroom, most probably from old & leaking plumbing."
value,"third: for the price of this hotel, why have to put up with such flimsy windows?"
room,"on the fourth (top) floor, my room has skylights and an enclosed lanai."
location,it's courtyard excellence with that old spanish era flavor.
checkin,"front desk staff are cheerful, helpful and respectful."
location,"there's an onsite restaurant that serves breakfast and dinner, but you can also walk to old town for dining."
checkin,i would stay here again because the staff is superb!
location,location is its main advantage.
location,old town restaurants and shops are a two minute walk away.
"service, value","located right off freeway, so if you are driving it is good for that, easy to find and offers safe parking for $12 per night."
cleanliness,"i have stayed here 3 times now, for pure convenience but not for more than that -- used my husband's and my marriott points so maybe that's why we got rooms near the freeway (loud!)."
business service,"free internet access and coffeemaker in room, 1.50 for water bottles, small pool in shady section on entrance parking lot, strange small dimly lit bathroom, maybe some brighter colors and a renovation would make the hotel a bit more inviting."
location,"quite decent hotel very convenient for the old town which should not be missed, especially at night."
room,room was fine apart from not having a safe which would have saved us having to cart passports etc.
service,good breakfast.
checkin,made reservation for 3 nights.
location,hotel was really great.
room,requested room away from freeway so my room was very quiet.
cleanliness,looks like rooms and hotel recently renovated.
room,"furniture in room was new and the carpet, wallpaper, and bathroom looked brand new also."
business service,"room had large flat screen tv, minifridge, and free internet."
"business service, cleanliness","if you didn't bring your computer, there are 3 nice computers in lobby that you can use."
room,room was super clean.
service,hotel charges for parking but i received a special rate that included parking and breakfast (pays to be a mariott rewards member).
service,breakfast was ok. there is a buffet and your eggs and waffles are made to order.
"business service, cleanliness","if i didn't have free coupon, would probably have eaten elsewhere."
service,"in the evenings, there is a bar onsite so you can order drinks and food."
location,hotel is located 2 blocks from the outer edges of old town(near the whaley house).
location,definately a great place.
service,they do provide ear plugs - never a good sign.
cleanliness,our rooms were not too bad - on the side of the hotel towards the back the back.
cleanliness,there was audible background freeway noise when i didn't have the aircon fan on.
cleanliness,i didn't have a problem with it and have stayed in a lot nosier hotels.
"room, cleanliness",those with rooms overlooking the freeway may well have caused for complaint - watch your room selection.
location,the location is excellent a couple of blocks from old town and 5 mins walk from the trolley which takes you downtown.
location,with downtown hotels costing about double i'd recommend old town as a location to stay.
value,even the cab fare back late at night was only $16.
location,"old town itself is a pleasant location with plenty of bars, restaurants, etc."
cleanliness,"i didn't and the result was a $47 parking violation which, more or less, negated the street parking saving."
business service,"room was fine (standard courtyard), free internet worked and they had a couple of internet connected pcs in the lobby which took usb keys with printers attached."
"room, service, business service","the exercise room had two joggers, two bikes and a x-trainer and free weights all in good working order."
business service,a nice touch is the free wine and cheese most evenings around 5:00pm in the lobby.
location,didn't eat in the hotel as old town is just up the road and has great choices for both breakfast and evening meals.
location,its a better choice than the mission valley hotels due to the proximity of old town and the trolley.
room,"so, in summary, i'd stay there again but be sure to arrange a room away from the freeway."
cleanliness,i led a group and stayed here may 21-23 (six rooms.)
checkin,we felt very welcome and all were surprised at the friendliness of the staff.
"cleanliness, location","lobby is a little cramped, but sitting area is very nice, and rooms were great."
cleanliness,"halls, rooms, and bathrooms were clean, all well-kept."
service,"breakfast was good with cooked to order eggs, along with bacon, fruit, cereal, oatmeal, toast, bagels, biscuits and gravy, etc."
checkin,"desk staff continually helped answer questions every time, shuttle came to sante fe depot to pick us up five minutes after we called for advice on how to get there, and contrary to other reviews room/highway noise did not seem to be an issue."
value,i heard a train one time early in the night and if i listened i could hear a car on i-5.
cleanliness,didn't bother our sleep at all.
location,two blocks from old town and all the restaurants and shops there.
location,we recommend the old town mexican cafe - there was a huge crowd waiting at the crazy coyote (which i guess means they are good too) and we could not get in.
location,we were withing walking distance to the historic old town neighborhood.
checkin,"this hotel was very clean, and the staff was very friendly!"
location,the prime location directly next to hwy 5 meant it felt like you were sleeping on the hwy.
cleanliness,the rooms were no more impressive than a motel 6. i can't understand why you would stay here with so many other choices in the area.
location,the hotel is a two block stroll from old town for meals and touristy things.
cleanliness,nightime seemed sketchy (wouldn't walk alone) but we had no problems.
checkin,the staff was vey friendly and helpful.
room,very clean main room and bathroom too.
"room, cleanliness, location",pool was nice and hot tub was great (didn't know conference room overlooked pool area-hope there were no saturday meetings!)
location,great value and location.
location,"we (my wife, 1 yr old son, and i) stayed here over valentine's weekend."
location,the hotel is about 3 blocks away from old town.
location,"so, if that's the part of san diego that you'll be spending most of your time it's a fabulous location."
location,"however, you can take the trolley tour from old town and see many of the other popular tourist sites (which we did and we would recommend it for anyone looking for a quick overview of the city)."
"value, location","it's a 3-star hotel at best, but it's still a great place to stay for the value."
checkin,the employees were all very friendly and accommodating.
cleanliness,"even though the lobby was busy with people checking in, they were happy to answer my questions about the area and didn't rush me off."
cleanliness,the rooms are standard and unspectacular.
"room, cleanliness","but, it was clean."
cleanliness,"but, the noise didn't affect us at all."
cleanliness,we parked in the garage for our stay and from what we observed there weren't a lot of open spots on the street.
business service,the rooms have free wifi.
"service, location",they do have restaurant but we didn't try it (harney sushi down the street was great; cafe coyote had mediocre mexican food and poor service).
"service, cleanliness","the standard going rate for their rooms is a little high, but luckily we got a good deal for much less."
location,i just returned from a 3 day conference at the old town mariott courtyard.
room,i had a conference rate of $159 per night for a king room.
room,"the hotel is older so there is some room noise - i could hear the guy in the room next to me coughing, and doors slamming in the hallway, but the rooms have been updated and are very nice except for the trim around doors and floor."
"room, cleanliness","the bed was supremely comfortable: it had a clean duvet instead of the usually icky bedspread and tons of pillows, both down and foam."
"business service, location","there is a very nice desk area with a great workspace, desk lamp, outlets for computer and cell phone right on the desk."
checkin,this hotel had among the friendliest and most accomodating staff i have ever encountered!
business service,there was a free shuttle from the airport and a very courteous driver.
checkin,the front desk staff were very friendly and helpful.
value,"tuesday night there is a host by the fireplace off the lobby serving complimentary wine, and there was a nice spead of cheese and crackers."
value,wednesday night the hostess served cookies and hot cider.
location,i ate the in the hotel restaurant and our conference meals were catered by the hotel as well.
"room, service, checkin",room service was fast and again the server was very polite and friendly.
location,"the food was fine, but if i hadn't been alone i would have walked to old town for dinner instead."
location,"the hotel is a block away from old town, so if that is your destination in san diego, you can't beat this hotel."
location,it is easily the nicest hotel near old town.
"room, cleanliness, location","the pool area was very small and right in clear view of the conference rooms, lobby, hotel restaurant and parking lot."
"room, business service, cleanliness",i didn't use the pool because i would have had to swim in clear view of people sitting on the patio having business meetings and/or working on their laptops.
business service,i only saw one family while i was here - it was all business people so i probably wouldn't stay here during the week unless i was on business.
location,"spent seven great days in the courtyard old town san diego, from christmas day to new year's day and had a fabulous stay."
location,"the hotel is very centrally located to all that is san diego -- beaches, sea world, coronado, and, of course, old town, just to name a few areas!"
location,"in fact, it is within walking distance of all old town attractions, as well as the trolley that runs throughout san diego proper."
"service, cleanliness",the rooms are typical courtyard and predictable (which i consider a good thing).
service,"either way, these are not really good options to getting to the pool/hot tub area."
value,"as other reviewers have mentioned, the parking is $12 per night if you choose to park with the hotel."
value,"however, street parking is typically not an issue, so i opted to park on the street and never failed to find a spot, regardless of the time of day or night."
location,"this property obviously did begin as a courtyard, as is readily apparent upon arrival, but it does fit the old town look and feel."
value,"this particular neighborhood does seem a bit questionable at night, but i never encountered any problems, but on a few occasions there were older men just roaming around on the streets surrounding the property."
room,"security does seem adequate at the hotel, as there was always a night guard on duty and the doors only accessible with a room key after 10 p.m. bottom line...i would not hesitate to stay at this property again, but as many others have stressed, please request a room facing away from interstate 5 -- quite busy and noisy if you are placed in one of those rooms."
location,location was great.
location,"we spent the day walking around balboa, then took a short drive to our hotel and walked around old town san diego, and crawled back to the room after a few bar visits."
location,"old town is two blocks away, easy to walk back and forth."
"value, location",at night we took a taxi to canes restaurant which is in mission beach.
cleanliness,"we had a car, but we were drinking and didn't want to worry about driving."
"room, cleanliness","rooms were clean and comfy, nice big tv, comfy bed."
room,"not much luxury, just a basic room, but very clean and delightful."
location,qualcom stadium was a short 10 minute drive from here.
value,"not too sure how much she paid for it, but i do know she booked it using hotwire (i tought her well)."
location,it's pretty much a standard marriot courtyard located in old town.
location,"if you enjoy the courtyard, this is pretty much like most.. not a great bargain, but not bad either."
cleanliness,the beds are very comfortable!
room,"we had a room facing the town side, so i can't comment on any noise from the i-5."
checkin,staff was uniformly helpful.
cleanliness,this hotel was comfortable and clean.
"room, cleanliness",the only problem was that they didn't clean the room when we went out.
location,after i read the reviews this place sounded great.
location,it is with in 2 blocks of old town and shopping.
service,"i ate in the hotel restrant once for breakfast and it was not very good, i waited 30 min for french toast, i would not eat there again, the beds were very comfortable nice to sleep in."
"room, value",yes we also had a freeway view we just keep the vent on all night and we did not hear the freeway at all.
room,"when my husband booked our room a month in advance, he asked that we be placed in a room that was not on the freeway side."
room,so what room did they give us?
location,i enjoy the courtyard san diego old town.
location,"it is not a five star hotel, but a great basic hotel."
location,"it does not posses great cuisine, but great location to old town."
cleanliness,"you are kept away from the hustle and bustle of san diego and rather in a quaint, comfortable, tourist area."
location,"surrounded by great mexican cusine, and a relaxing nightlife."
service,"no, nothing crazy, nothing exceptional, just status quo in a good way."
location,"it's what you expect from a courtyard, but with a great enviornment."
location,"i come back for it is quiet, walking distance to some great enchilada's, and a walk home after a couple cold beers."
location,"ok, so it was not the best hotel in san diego, but it sure has a great location."
"room, cleanliness","our room was typical of a marriott courtyard, very comfortable and clean."
checkin,the staff were very friendly and helpful.
location,we were within walking distance of all the pubs and restaurants of olde town.
service,we had breakfast one morning and it was very good - buffet style.
room,"one small complaint - the bathroom area in the room is a bit cramped - ok for a single person staying in the room but not really large enough to cater for 2 people's toothbrushes, lotions and such like."
location,i would recommend this hotel for location and comfort.
value,not bad for it's price as hotels in san diego can be very expensive.
location,the big plus is the short walk to the sights and eateries in old town - love that cafe coyote!
cleanliness,"it is right alongside 'the' i-5, so you may want to opt for the quieter side street rooms."
"service, cleanliness",the open-air breakfast area is nice if it isn't too chilly outside.
checkin,"oddly enough, one of the memorable parts of our trip involved the cleaning staff."
value,i paid $189 for a room that definetly wasn't worth it!
room,"it's a standard marriott courtyard room, just like you would expect anywhere else...just a little pricier!"
location,"it's all about location, location, location."
location,"indeed, this is a great spot to stay in."
checkin,the staff was very nice and accomodating i must say.
location,"i traveled to san diego for a wedding, and decided on this courtyard hotel based on it's location, and i was very happy with my decision!"
location,"old town is the complete opposite - just in walking distance there are so many nice restaurants (el agave) and cute luncheons (the livingroom cafe), plus many shops and a replica of historical mexico."
"room, cleanliness","it's inexpensive, very clean, and runs all hours of the day."
location,"the hotels ammenities are great, as well."
cleanliness,"the rooms are not very large, but they are clean and well stocked with necessities."
"service, location","the hotel has a restaurant on the lobby level that serves food all day long, and it's quite tasty and moderately priced."
checkin,"the hotel staff is very friendly, and available 24/7."
service,"they have a small food and beverage shop that is open all the time, in lieu of vending machines and with a much better selection."
value,"overall, the only downside to this hotel is the price."
value,"if you are staying during the week, obviously the prices will be considerately lower, but the average weekend night will run $200+."
"cleanliness, location","but if you are in need of a comfortable and clean hotel in a great location, this is defintely the place to host your san diego stay."
location,we stayed here for 2 nights and had a great time.
location,"the location was great - close to airport, walk to restuarants and trolley."
checkin,the staff members were extremely friendly and helpful.
cleanliness,"the hotel was very clean and the rooms were clean, bed comfortable and spacious."
location,"in old town, if you like tequila, el agave has a huge selection and excellent margaritas."
service,"also, the food at cafe coyote was extremely good."
location,"overall, we liked old town and the hotel was perfect."
room,checked in at 8:30pm and got a handicap room facing the highway traffic (highway is less than 100 yards away from window).
checkin,i went down to the front desk and spoke personnally to the manager who was very friendly and said he could move me next day.
room,new room was on other side of hotel with standard room amenities.
value,"although the room was definitely not worth $189/night, it would be worth less if you got a deal on priceline (like the other reviewer who paid $65/night)."
room,"beds have no support (old), room is heated/cooled by a window/floor unit (no central heat or air), carpet appears new, room was clean and appears to have been recently updated."
room,exercise room is located off hotel in parking garage.
location,hotel is walking distance from old town.
"service, location","skip restaurant cafe coyote - food is tired mexican fare, not exciting."
room,with a family of four the room was very small and there was not a lot of room for our bags.
room,luckily we were facing the carpark and it was very quiet.
location,the only advantage to this hotel was it was very close to old town and to the lovely restaurants there.
location,stayed at the courtyard old town for 3 nights on a business trip on oct 15-18. got in to san diego around 11:30 a.m. but was not allowed to check in early.
checkin,"the hotel front desk was not friendly, curt, and appeared to care less."
checkin,"came back to check in at around 4 pm after ""killing time"" in the gaslamp area."
value,"the room, for the price paid ($239 a night +$25.00 tax) was small."
room,i asked for a room with a king bed but was told there was none available so i had to settle for a room with 2 queen beds.
business service,the hotel advertised high-speed internet but conveniently did not disclose that this was not wireless.
"service, business service","even with an ethernet cable, the high speed internet service was not reliable."
room,the hotel is located next to the freeway and i got a room facing it so it was pretty noisy once you turned your tv off to go to sleep.
"room, value, location","on my second night, i called the front desk for a wake up call at 5:15 a.m. but did not get the call until 5:30. on the positive side, the cleaning crew did an great job as the room and the bathroom were always spotless."
service,the hotel served breakfast a la carte and/or all you can eat breakfast for $10-12 depending on your choice.
service,"another positive note, breakfast was good although if your choice is continental breakfast, i think $8.95 is pretty steep since most other hotels provide that free."
value,"for the price paid for a three night stay, i could have probably gotten a better room and amenities in other san diego hotels."
room,"our room was a king suite, on the 3rd floor, one window facing the pool and one window facing the side street toward old town."
location,we did not hear any traffic noise.
room,"it was very quite and clean, the room was very spacious."
room,the king bed was very comfortable.
business service,"the internet connection was a little slow but not 15 minutes, more like 2 or 3. the lobby was nicely appointed, with a nice fireplace and big easy chairs, the wine and cheese hour was really nice."
service,"the restaurant was pretty good, we ate a late dinner and breakfast there and enjoyed both."
checkin,the front desk staff was very helpful and pleasant.
business service,"oh, and thanks for the free otis spunkmeyer cookies and seattles best coffee located just off the lobby, they hit the spot."
room,"my husband and i booked a room here for one night in oct. and just let me start by saying the young guy at the desk who checked us in was very, very nice, helpful, respectful and even upgraded us to a suite, we were coming back from a 4 day cruise to mexico and wanted to stay in old town san diego for a fifth night before flying back home to northern calif. i did look at this property online before booking and it seemed fine, however, interstate 5 runs right behind the property and even though we requested a room facing the front, we could still hear the noise all night long, in addition to that we were on a romantic trip and realized shortly after we got there that this is a very nice property for business executive's, not romance, our suite even had a conference table!"
"room, business service","like i said very nice property for business executive's, nice business room's & suite's, but not for quite romantic evening's"
room,"like many people say, the noise from i-5 freeway is pretty loud if you have a room that faces the road."
"service, business service, cleanliness","it took over 15 minutes just to access their high-speed internet service, which was more like slow-speed; even times were we couldn't log on due to their connection."
value,"the price was $189 plus tax per night, was not worth it, and no breakfast was offered with this room."
"service, location",typical great service with this chain.
cleanliness,rooms and hotel condition are also consistent with other properties.
location,"the hotel restaurant was decent for a quick meal - i would not say gourmet, but certainly acceptable and not overpriced for a hotel."
room,my room faced the pool so i cannot comment on freeway noise (though it is likely).
cleanliness,"the building has a spanish/mexican flair that fits in the neighbourhood, although the corridors and rooms look like any other courtyard."
"business service, value",i paid for the parking - this is business travel and i do not need to worry about finding parking.
cleanliness,i really don't care what it cost.
location,"a well maintained facility with brilliant staff who are highly attentive and professional great location for old town shops and resturants, and a place to take the ""hop on and off"" trolley tours."
"cleanliness, location","easy to find location alongside the north south freeway, though we would expect the freeway side rooms to be noisier than the one were in which overlooks the main entrance."
"service, value, location",secure underground parking from adjoining street and main driveway great breakfast selection and quality.
business service,"nice gym and small family pool good free internet facilities, including laser printer overall an ideal location base for exploring sunny san diego"
value,we thought this was a nice hotel for the price we paid with priceline.
service,"the breakfast buffet was pricey, but great food with good selection."
location,we had no problems with noise from the freeway traffic because we were in the building across from the lobby.
checkin,the front desk staff was very friendly and we liked the internet access available in the lobby.
service,convenient shuttle service from the airport too!
location,"the best thing about the courtyard old town is its location, on the edge of old town san diego."
location,"once you figure out where it is, it's easy to get from the hotel to anything in old town."
location,"and because old town is served by san diego's trolleys, it's easy to get to many other places in the city."
location,the hotel is crammed onto a small space -- land is at a premium in old town.
business service,you can park in their garage for $15 or compete for a small number of free spaces in a tiny lot or go for on-street parking.
checkin,the front desk was most helpful with directions.
service,"we did not try the restaurant for breakfast, but it looked like the same sort of buffet spread available in lots of hotels."
cleanliness,"the rooms are comfortable, although the layout s somewhat old."
room,the room was very clean.
cleanliness,"we found our bed to be really dirty, i won't mention to what we found."
room,we did request a room to be away from the freeway which helped on the noise.
service,"however ther eis no breakfast their resturant is over priced, internet service was down the whole time."
room,we heard everything the people next our room was doing.
value,stay down the street for the same price at the holiday inn.
room,"did not book, turned up on the doorstep and got a room."
value,we knew it would be expensive $190 per night.
service,but what the heck we were on holiday.and  for $$ good for us.
room,"nice room, big bed and even bigger chair facing into town, not the i-5.nice and quiet."
service,"breakfast included, full hot cooked to order."
location,"a nice walk to old town park,shops and restaurants."
checkin,tip use the trolly $30 p/p get on and off all day excellent thank you cameron for your help.
location,my husband and i just returned home from spending two nights at the old town courtyard by marriott in san diego.
cleanliness,we usually find this chain to provide a fair and comfortable facility.
"room, cleanliness, location","not only is the facility old and somewhat rundown, it is uncomfortable (except for the bed) with the rooms being unusually small and inconvenient.....especially the bathrooms...and noisy."
service,there is no included breakfast and the internet service in the lobby is only available at a very excessive cost.
"checkin, location",this hotel is close to old town and the staff is friendly and the manager was very accomodating.
"service, checkin","the breakfast staff polite but when i'm given a hand-written receipt of my meal with total:, tax:, tip: all hand written on a register paper i get a little suspicious."
room,my first room was facing an onramp of i-5 and after the second motorcycle roared on the ramp and onto i-5 i looked outside and the highway was 30 feet from the building.
"room, cleanliness",i just felt so sorry for later arrivals facing the back rooms.
location,if i went back to old town i'd stay in the holiday inn express up the street.
cleanliness,i don't know about the rooms there but i don't think any of their rooms are on the highway.
cleanliness,"the hotel is new looking and attractive, but the rooms are small and noisy, if you're unfortunate enough to have one of the rooms that are directly facing the freeway."
value,"yes, i could have asked for another room, but once you get settled in at night with 2 small kids, trust me, its not worth it."
cleanliness,"i didn't want to pay the $15 parking fee, so i parked on the street."
location,$15 doesn't seem warranted in that part of old town.
value,i found street parking at 6 p.m. friday night.
cleanliness,pros: the rooms are clean and look new.
checkin,the staff is friendly and helpful.
room,cons: our room was facing the freeway.
value,"i ran the fan all night hoping it would mask some of the noise, but was woken up several times by noisy vehicles."
cleanliness,very small rooms.
service,"for adults, but not good for families with kids!"
location,"even though the nearby best western hacienda is older, dated, and has a confusing layout i would choose it because of the bigger rooms and better location within old town."
room,if you do decide to stay here make sure you request a room away from the freeway.
checkin,we did not have a reservation but the staff was friendly and helpful as they rearranged other shorter stays to accomodate us.
room,the room was excellent.
room,it was clean and neat with a king bed.
room,our room overlooked the pool.
room,try to get a room away from the highway.
service,the hotel restaurant had an excellent breakfast buffet.
location,the location was great for exploring old town and central for the whole city with easy highway connections and it's not too far from the trolley.
room,recently stayed for two nights at the courtyard... initially booked into a room overlooking the freeway - the noise was as if the windows were open.
"cleanliness, value",complained in the middle of the night because i just couldn't sleep.
room,promised that our room would be changed for a quieter one the following day.
room,we had a problem at the beginning with workmen already staying in our room.
checkin,the front desk girl forgot to properly check them in so we got a surprise when we opened the door.
room,he quickly put us in another room and did not charge us the $15 per day parking fee.
room,the room and bed were very clean and comfortable.
room,the first day we asked to have the room cleaned by 3 pm so we could take a nap and it was cleaned.
room,the second day we forgot to ask and the maid came in just as we got back in the room.
cleanliness,she apologized for being late but said she had lots of rooms to clean.
service,we ate the breakfast buffet all 3 mornings and it was very good!
"service, checkin, location",an excellent experience with a good location and excellent staff.
location,"the location in old town is not only a good site for exploring old town, but it is minutes by car from the airport and downtown san diego."
room,it is next to interstate 5 and it is advisable to request a room facing away from the highway.
checkin,the staff is excellent.
checkin,"the general manager, mr. stringfield, is cheerful and always ready to give helpful advice on sightseeing and restaurants (he enjoys fine dining)."
room,"we requested a refrigerator and down pillows, and they were in the room when we arrived."
checkin,the staff at the front desk was helpful and gracious.
service,although we ate out most of the time (our son lives in san diego) the food in the cafe seemed attractive.
room,"looks exactly as pictured we had room w/2 queen beds(yes queen) very clean,beds comfy, shower fine, not much room on bathroom counter you could move the coffee pot."
checkin,everyone very nice and friendly.
location,old town is a 5 minute walk.
service,coyote cantina very good food.
service,did not eat at hotel(rickys at hotel circle very good breakfast and lunch) would stay again.
